{"stats":{"minecraft:dropped":{"minecraft:dolphin_spawn_egg":6,"minecraft:white_wool":1,"minecraft:pink_wool":1},"minecraft:used":{"minecraft:glass":9,"minecraft:bedrock":2,"minecraft:white_wool":37,"minecraft:red_shulker_box":4,"minecraft:dolphin_spawn_egg":1,"minecraft:red_wool":1,"minecraft:blue_wool":7,"minecraft:black_shulker_box":1,"minecraft:pink_wool":1},"minecraft:custom":{"minecraft:time_since_rest":51607,"minecraft:play_time":51607,"minecraft:sprint_one_cm":211629,"minecraft:crouch_one_cm":817,"minecraft:open_shulker_box":7,"minecraft:walk_one_cm":68228,"minecraft:sneak_time":378,"minecraft:drop":8,"minecraft:jump":846,"minecraft:leave_game":1,"minecraft:time_since_death":51607,"minecraft:total_world_time":51607,"minecraft:fly_one_cm":552915}},"DataVersion":2730}