{"stats":{"minecraft:used":{"minecraft:bedrock":122,"minecraft:oak_planks":8,"minecraft:white_wool":25},"minecraft:custom":{"minecraft:jump":318,"minecraft:time_since_rest":533318,"minecraft:damage_taken":610,"minecraft:leave_game":38,"minecraft:crouch_one_cm":7860,"minecraft:sprint_one_cm":124473,"minecraft:play_time":533387,"minecraft:open_shulker_box":4,"minecraft:walk_one_cm":153942,"minecraft:time_since_death":533298,"minecraft:deaths":1,"minecraft:sneak_time":4521,"minecraft:total_world_time":533387,"minecraft:fall_one_cm":6845,"minecraft:fly_one_cm":1321831}},"DataVersion":2730}