{"stats":{"minecraft:used":{"minecraft:white_wool":1},"minecraft:mined":{"minecraft:white_wool":11},"minecraft:picked_up":{"minecraft:white_wool":11},"minecraft:custom":{"minecraft:jump":3,"minecraft:time_since_rest":855,"minecraft:leave_game":1,"minecraft:crouch_one_cm":517,"minecraft:sprint_one_cm":1513,"minecraft:play_time":855,"minecraft:time_since_death":855,"minecraft:walk_one_cm":87,"minecraft:sneak_time":445,"minecraft:total_world_time":855,"minecraft:fly_one_cm":27}},"DataVersion":2730}